"","position","base","log"
"1",1,"ACT-PARTIELLE-DEP/","n'est pas mensuelle|0"
"2",2,"ACT-PARTIELLE-REG/","n'est pas mensuelle|0"
"3",3,"ACT-TRIM-ANC/","n'est pas mensuelle|0"
"4",4,"AGM-NAS-DEP/","n'est pas mensuelle|0"
"5",5,"AGM-NAS-REG/","n'est pas mensuelle|0"
"6",6,"APE-PEC-DEP/","n'est pas mensuelle|0"
"7",7,"APE-PEC-REG/","n'est pas mensuelle|0"
"8",8,"APP-JEN-DEP/","n'est pas mensuelle|0"
"9",9,"APP-JEN-REG/","n'est pas mensuelle|0"
"10",10,"BPM6-CCAPITAL/","Base bien chargee et en position 1|0"
"11",11,"BPM6-CFINANCIER/","Base bien chargee et en position 2|0"
"12",12,"BPM6-CTRANSACTION/","Base bien chargee et en position 3|0"
"13",13,"BPM6-TOTAL/","Base bien chargee et en position 4|0"
"14",14,"CA-INTERNET/","Il manque les variables importantes dans la base|0"
"15",15,"CA-VOL-ALIM/","Il manque les variables importantes dans la base|0"
"16",16,"CESSATIONS-ENT-DOM-ENS/","Il manque les variables importantes dans la base|0"
"17",17,"CESSATIONS-ENT-FR-ENS/","Il manque les variables importantes dans la base|0"
"18",18,"CESSATIONS-ENT-FR-NES16/","Il manque les variables importantes dans la base|0"
"19",19,"CESSATIONS-ENT-FR-RGP/","Il manque les variables importantes dans la base|0"
"20",20,"CESSATIONS-ENT-REG-ENS/","Il manque les variables importantes dans la base|0"
"21",21,"CESSATIONS-ENT-REG-NES16/","Il manque les variables importantes dans la base|0"
"22",22,"CESSATIONS-ENT-REG-RGP/","Il manque les variables importantes dans la base|0"
"23",23,"CHEP-AGRI-DEP/","n'est pas mensuelle|0"
"24",24,"CHEP-AGRI-REG/","n'est pas mensuelle|0"
"25",25,"CHO-AN-AGE/","n'est pas mensuelle|0"
"26",26,"CHO-AN-CSP/","n'est pas mensuelle|0"
"27",27,"CHO-AN-HALO/","n'est pas mensuelle|0"
"28",28,"CHO-LGD-STR/","n'est pas mensuelle|0"
"29",29,"CHO-TRIM-HALO/","n'est pas mensuelle|0"
"30",30,"CHO-TRIM-HALO-CAT/","n'est pas mensuelle|0"
"31",31,"CHO-TRIM-NB-TX/","n'est pas mensuelle|0"
"32",32,"CHO-TRIM-PART-POP/","n'est pas mensuelle|0"
"33",33,"CIRCULATION-ROUTIERE/","Base bien chargee et en position 5|0"
"34",34,"CLIMAT-AFFAIRES/","Base bien chargee et en position 6|0"
"35",35,"CNA-2005-CF-BR/","erreur de chargement :|Error in download.file(paste(""http://www.bdm.insee.fr/series/sdmx/data/"",  : 
  impossible d'ouvrir l'URL 'http://www.bdm.insee.fr/series/sdmx/data/CNA-2005-CF-BR/?startPeriod=2014'
"
"36",36,"CNA-2005-CF-SI/","Il manque les variables importantes dans la base|0"
"37",37,"CNA-2005-CONSO-MEN-DURAB/","Il manque les variables importantes dans la base|0"
"38",38,"CNA-2005-CONSO-MEN-FONCTION/","Il manque les variables importantes dans la base|0"
"39",39,"CNA-2005-CONSO-MEN-PRODUIT/","Il manque les variables importantes dans la base|0"
"40",40,"CNA-2005-CONSO-SI-A17/","Il manque les variables importantes dans la base|0"
"41",41,"CNA-2005-CONSO-SI-A38/","Il manque les variables importantes dans la base|0"
"42",42,"CNA-2005-CONSO-SI-A88/","Il manque les variables importantes dans la base|0"
"43",43,"CNA-2005-CPEB-A17/","Il manque les variables importantes dans la base|0"
"44",44,"CNA-2005-CPEB-A38/","Il manque les variables importantes dans la base|0"
"45",45,"CNA-2005-CPEB-A88/","Il manque les variables importantes dans la base|0"
"46",46,"CNA-2005-CSI/","Il manque les variables importantes dans la base|0"
"47",47,"CNA-2005-DEP-APU/","Il manque les variables importantes dans la base|0"
"48",48,"CNA-2005-DEP-APU-OP/","Il manque les variables importantes dans la base|0"
"49",49,"CNA-2005-DETTE-APU/","Il manque les variables importantes dans la base|0"
"50",50,"CNA-2005-DUREE-TRAV-A17/","Il manque les variables importantes dans la base|0"
"51",51,"CNA-2005-DUREE-TRAV-A38/","Il manque les variables importantes dans la base|0"
"52",52,"CNA-2005-EMPLOI-A17/","Il manque les variables importantes dans la base|0"
"53",53,"CNA-2005-EMPLOI-A38/","Il manque les variables importantes dans la base|0"
"54",54,"CNA-2005-EMPLOI-SI/","Il manque les variables importantes dans la base|0"
"55",55,"CNA-2005-ERE-A17/","Il manque les variables importantes dans la base|0"
"56",56,"CNA-2005-ERE-A38/","Il manque les variables importantes dans la base|0"
"57",57,"CNA-2005-ERE-A88/","erreur de chargement :|Error in download.file(paste(""http://www.bdm.insee.fr/series/sdmx/data/"",  : 
  impossible d'ouvrir l'URL 'http://www.bdm.insee.fr/series/sdmx/data/CNA-2005-ERE-A88/?startPeriod=2014'
"
"58",58,"CNA-2005-FAF/","Il manque les variables importantes dans la base|0"
"59",59,"CNA-2005-FBCF-A17/","Il manque les variables importantes dans la base|0"
"60",60,"CNA-2005-FBCF-A38/","Il manque les variables importantes dans la base|0"
"61",61,"CNA-2005-FBCF-SI-A17/","Il manque les variables importantes dans la base|0"
"62",62,"CNA-2005-FBCF-SI-A38/","Il manque les variables importantes dans la base|0"
"63",63,"CNA-2005-FBCF-SI-A88/","Il manque les variables importantes dans la base|0"
"64",64,"CNA-2005-FINANCES-APU/","Il manque les variables importantes dans la base|0"
"65",65,"CNA-2005-PAT-NF/","Il manque les variables importantes dans la base|0"
"66",66,"CNA-2005-PIB/","Il manque les variables importantes dans la base|0"
"67",67,"CNA-2005-PRODUCTIVITE-A17/","Il manque les variables importantes dans la base|0"
"68",68,"CNA-2005-PRODUCTIVITE-A38/","Il manque les variables importantes dans la base|0"
"69",69,"CNA-2005-RDB/","Il manque les variables importantes dans la base|0"
"70",70,"CNA-2005-TEI-A10/","Il manque les variables importantes dans la base|0"
"71",71,"CNA-2005-TEI-A17/","Il manque les variables importantes dans la base|0"
"72",72,"CNA-2005-TEI-A38/","Il manque les variables importantes dans la base|0"
"73",73,"CNA-2005-TEI-A5/","Il manque les variables importantes dans la base|0"
"74",74,"CNA-2005-TOF-FLUX/","Il manque les variables importantes dans la base|0"
"75",75,"CNA-2005-TOF-VAR/","Il manque les variables importantes dans la base|0"
"76",76,"CNA-2005-VOL-TRAV-A17/","Il manque les variables importantes dans la base|0"
"77",77,"CNA-2005-VOL-TRAV-A38/","Il manque les variables importantes dans la base|0"
"78",78,"CNA-2010-CF-SI/","n'est pas mensuelle|0"
"79",79,"CNA-2010-CONSO-MEN-DURAB/","n'est pas mensuelle|0"
"80",80,"CNA-2010-CONSO-MEN-FONCTION/","n'est pas mensuelle|0"
"81",81,"CNA-2010-CONSO-MEN-PRODUIT/","n'est pas mensuelle|0"
"82",82,"CNA-2010-CONSO-SI-A17/","n'est pas mensuelle|0"
"83",83,"CNA-2010-CONSO-SI-A38/","n'est pas mensuelle|0"
"84",84,"CNA-2010-CONSO-SI-A88/","n'est pas mensuelle|0"
"85",85,"CNA-2010-CPEB-A17/","n'est pas mensuelle|0"
"86",86,"CNA-2010-CPEB-A38/","n'est pas mensuelle|0"
"87",87,"CNA-2010-CPEB-A88/","n'est pas mensuelle|0"
"88",88,"CNA-2010-CSI/","n'est pas mensuelle|0"
"89",89,"CNA-2010-DEP-APU/","n'est pas mensuelle|0"
"90",90,"CNA-2010-DETTE-APU/","n'est pas mensuelle|0"
"91",91,"CNA-2010-DUREE-TRAV-A17/","n'est pas mensuelle|0"
"92",92,"CNA-2010-DUREE-TRAV-A38/","n'est pas mensuelle|0"
"93",93,"CNA-2010-EMPLOI-A17/","n'est pas mensuelle|0"
"94",94,"CNA-2010-EMPLOI-A38/","n'est pas mensuelle|0"
"95",95,"CNA-2010-EMPLOI-SI/","n'est pas mensuelle|0"
"96",96,"CNA-2010-ERE-A17/","n'est pas mensuelle|0"
"97",97,"CNA-2010-ERE-A38/","n'est pas mensuelle|0"
"98",98,"CNA-2010-FAF/","n'est pas mensuelle|0"
"99",99,"CNA-2010-FBCF-A17/","n'est pas mensuelle|0"
"100",100,"CNA-2010-FBCF-A38/","n'est pas mensuelle|0"
"101",101,"CNA-2010-FBCF-A88/","n'est pas mensuelle|0"
"102",102,"CNA-2010-FBCF-SI-A17/","n'est pas mensuelle|0"
"103",103,"CNA-2010-FBCF-SI-A38/","n'est pas mensuelle|0"
"104",104,"CNA-2010-FINANCES-APU/","n'est pas mensuelle|0"
"105",105,"CNA-2010-PAT-NF/","n'est pas mensuelle|0"
"106",106,"CNA-2010-PIB/","n'est pas mensuelle|0"
"107",107,"CNA-2010-PRODUCTIVITE-A17/","n'est pas mensuelle|0"
"108",108,"CNA-2010-PRODUCTIVITE-A38/","n'est pas mensuelle|0"
"109",109,"CNA-2010-RDB/","n'est pas mensuelle|0"
"110",110,"CNA-2010-TEI-A10/","n'est pas mensuelle|0"
"111",111,"CNA-2010-TEI-A17/","n'est pas mensuelle|0"
"112",112,"CNA-2010-TEI-A38/","n'est pas mensuelle|0"
"113",113,"CNA-2010-TEI-A5/","n'est pas mensuelle|0"
"114",114,"CNA-2010-TOF-FLUX/","n'est pas mensuelle|0"
"115",115,"CNA-2010-TOF-VAR/","n'est pas mensuelle|0"
"116",116,"CNA-2010-VOL-TRAV-A17/","n'est pas mensuelle|0"
"117",117,"CNA-2010-VOL-TRAV-A38/","n'est pas mensuelle|0"
"118",118,"CNT-2005-CEB-A17/","Il manque les variables importantes dans la base|0"
"119",119,"CNT-2005-CEB-RGP/","Il manque les variables importantes dans la base|0"
"120",120,"CNT-2005-CPB-A17/","Il manque les variables importantes dans la base|0"
"121",121,"CNT-2005-CPB-RGP/","Il manque les variables importantes dans la base|0"
"122",122,"CNT-2005-CSI-EMP/","Il manque les variables importantes dans la base|0"
"123",123,"CNT-2005-CSI-OP/","Il manque les variables importantes dans la base|0"
"124",124,"CNT-2005-CSI-SC/","Il manque les variables importantes dans la base|0"
"125",125,"CNT-2005-DUREE-TRAV-A17/","Il manque les variables importantes dans la base|0"
"126",126,"CNT-2005-DUREE-TRAV-RGP/","Il manque les variables importantes dans la base|0"
"127",127,"CNT-2005-EMPLOI-A17/","Il manque les variables importantes dans la base|0"
"128",128,"CNT-2005-EMPLOI-RGP/","Il manque les variables importantes dans la base|0"
"129",129,"CNT-2005-OPERATIONS-A17/","Il manque les variables importantes dans la base|0"
"130",130,"CNT-2005-OPERATIONS-RGP/","Il manque les variables importantes dans la base|0"
"131",131,"CNT-2005-PIB-EQB/","Il manque les variables importantes dans la base|0"
"132",132,"CNT-2005-PIB-RF/","Il manque les variables importantes dans la base|0"
"133",133,"CNT-2010-CEB-A17/","n'est pas mensuelle|0"
"134",134,"CNT-2010-CEB-RGP/","n'est pas mensuelle|0"
"135",135,"CNT-2010-CPB-A17/","n'est pas mensuelle|0"
"136",136,"CNT-2010-CPB-RGP/","n'est pas mensuelle|0"
"137",137,"CNT-2010-CSI-EMP/","n'est pas mensuelle|0"
"138",138,"CNT-2010-CSI-OP/","n'est pas mensuelle|0"
"139",139,"CNT-2010-CSI-SC/","n'est pas mensuelle|0"
"140",140,"CNT-2010-DUREE-TRAV-A17/","n'est pas mensuelle|0"
"141",141,"CNT-2010-DUREE-TRAV-RGP/","n'est pas mensuelle|0"
"142",142,"CNT-2010-EMPLOI-A17/","n'est pas mensuelle|0"
"143",143,"CNT-2010-EMPLOI-RGP/","n'est pas mensuelle|0"
"144",144,"CNT-2010-OPERATIONS-A17/","n'est pas mensuelle|0"
"145",145,"CNT-2010-OPERATIONS-RGP/","n'est pas mensuelle|0"
"146",146,"CNT-2010-PIB-EQB/","n'est pas mensuelle|0"
"147",147,"CNT-2010-PIB-RF/","n'est pas mensuelle|0"
"148",148,"CNT-DETTE-INSTRUMENTS/","n'est pas mensuelle|0"
"149",149,"CNT-DETTE-SI/","n'est pas mensuelle|0"
"150",150,"COM-EXT-A17/","Base bien chargee et en position 7|0"
"151",151,"COM-EXT-A38/","Base bien chargee et en position 8|0"
"152",152,"COM-EXT-AFRIQUE/","Base bien chargee et en position 9|0"
"153",153,"COM-EXT-AMERIQUE/","Base bien chargee et en position 10|0"
"154",154,"COM-EXT-ASIE/","Base bien chargee et en position 11|0"
"155",155,"COM-EXT-AUTRES/","Base bien chargee et en position 12|0"
"156",156,"COM-EXT-EUROPE/","Base bien chargee et en position 13|0"
"157",157,"COM-EXT-MOYENORIENT/","Base bien chargee et en position 14|0"
"158",158,"COM-EXT-RGP/","Base bien chargee et en position 15|0"
"159",159,"COM-EXT-ZONE/","Base bien chargee et en position 16|0"
"160",160,"COMPTES-ETAT/","Base bien chargee et en position 17|0"
"161",161,"CONSO-MENAGES-2005/","non remise ? jour depuis la fin 2015|0"
"162",162,"CONSO-MENAGES-2010/","Base bien chargee et en position 18|0"
"163",163,"CONSTRUCTION-LOCAUX-DEP/","n'est pas mensuelle|0"
"164",164,"CONSTRUCTION-LOCAUX-REG/","n'est pas mensuelle|0"
"165",165,"COURS-DEVISES-MAT-PREM/","Base bien chargee et en position 19|0"
"166",166,"COURS-INT-MAT-PREM/","Base bien chargee et en position 20|0"
"167",167,"CRA-2005-PIB/","Il manque les variables importantes dans la base|0"
"168",168,"CRA-2005-VA/","Il manque les variables importantes dans la base|0"
"169",169,"CRA-2010-PIB/","n'est pas mensuelle|0"
"170",170,"CRA-2010-VA/","n'est pas mensuelle|0"
"171",171,"CREATIONS-ENT-DEP-TYPE/","Base bien chargee et en position 21|0"
"172",172,"CREATIONS-ENT-FR-ACT/","n'est pas mensuelle|0"
"173",173,"CREATIONS-ENT-FR-ACT-TYPE/","Base bien chargee et en position 22|0"
"174",174,"CREATIONS-ENT-FR-TYPE/","Base bien chargee et en position 23|0"
"175",175,"CREATIONS-ENT-HISTO/","n'est pas mensuelle|0"
"176",176,"CREATIONS-ENT-NAF1-DEP-RGP/","Il manque les variables importantes dans la base|0"
"177",177,"CREATIONS-ENT-NAF1-DOM-ENS/","Il manque les variables importantes dans la base|0"
"178",178,"CREATIONS-ENT-NAF1-DOM-ENS-ANC/","Il manque les variables importantes dans la base|0"
"179",179,"CREATIONS-ENT-NAF1-DOM-RGP-ANC/","Il manque les variables importantes dans la base|0"
"180",180,"CREATIONS-ENT-NAF1-FR-ENS/","Il manque les variables importantes dans la base|0"
"181",181,"CREATIONS-ENT-NAF1-FR-ENS-ANC/","Il manque les variables importantes dans la base|0"
"182",182,"CREATIONS-ENT-NAF1-FR-RGP/","Il manque les variables importantes dans la base|0"
"183",183,"CREATIONS-ENT-NAF1-FR-RGP-ANC/","Il manque les variables importantes dans la base|0"
"184",184,"CREATIONS-ENT-NAF1-REG-ENS/","Il manque les variables importantes dans la base|0"
"185",185,"CREATIONS-ENT-NAF1-REG-ENS-ANC/","Il manque les variables importantes dans la base|0"
"186",186,"CREATIONS-ENT-NAF1-REG-RGP/","Il manque les variables importantes dans la base|0"
"187",187,"CREATIONS-ENT-NAF1-REG-RGP-ANC/","Il manque les variables importantes dans la base|0"
"188",188,"CREATIONS-ENT-NES16-DOM/","Il manque les variables importantes dans la base|0"
"189",189,"CREATIONS-ENT-NES16-DOM-ANC/","Il manque les variables importantes dans la base|0"
"190",190,"CREATIONS-ENT-NES16-REG/","Il manque les variables importantes dans la base|0"
"191",191,"CREATIONS-ENT-NES16-REG-ANC/","Il manque les variables importantes dans la base|0"
"192",192,"CREATIONS-ENT-NES36-REG-P1/","Il manque les variables importantes dans la base|0"
"193",193,"CREATIONS-ENT-NES36-REG-P1-ANC/","Il manque les variables importantes dans la base|0"
"194",194,"CREATIONS-ENT-REG-ACT/","n'est pas mensuelle|0"
"195",195,"CREATIONS-ENT-REG-ACT-TYPE/","n'est pas mensuelle|0"
"196",196,"CREATIONS-ENT-REG-CVS-ANC/","Il manque les variables importantes dans la base|0"
"197",197,"CULTURE-COM-EXT/","Il manque les variables importantes dans la base|0"
"198",198,"CULTURE-CONSO/","n'est pas mensuelle|0"
"199",199,"CULTURE-EMPLOI/","Il manque les variables importantes dans la base|0"
"200",200,"CULTURE-PATRIMOINE/","Il manque les variables importantes dans la base|0"
"201",201,"CULTURE-PRATIQUES/","Il manque les variables importantes dans la base|0"
"202",202,"CULTURE-PRIX/","n'est pas mensuelle|0"
"203",203,"DECES/","Base bien chargee et en position 24|0"
"204",204,"DEFAILLANCES-ENT-DEP/","plus d'observation|0"
"205",205,"DEFAILLANCES-ENT-DEP-NAF2-ANC/","Il manque les variables importantes dans la base|0"
"206",206,"DEFAILLANCES-ENT-DEP-NES-ANC/","Il manque les variables importantes dans la base|0"
"207",207,"DEFAILLANCES-ENT-FR-A21-ANC/","Il manque les variables importantes dans la base|0"
"208",208,"DEFAILLANCES-ENT-FR-ACT/","Base bien chargee et en position 25|0"
"209",209,"DEFAILLANCES-ENT-FR-E16-ANC/","Il manque les variables importantes dans la base|0"
"210",210,"DEFAILLANCES-ENT-FR-E36-ANC/","Il manque les variables importantes dans la base|0"
"211",211,"DEFAILLANCES-ENT-FR-NAF1-ANC/","Il manque les variables importantes dans la base|0"
"212",212,"DEFAILLANCES-ENT-FR-RGP-ANC/","Il manque les variables importantes dans la base|0"
"213",213,"DEFAILLANCES-ENT-HISTO/","n'est pas mensuelle|0"
"214",214,"DEFAILLANCES-ENT-REG-A21-JUG-ANC/","Il manque les variables importantes dans la base|0"
"215",215,"DEFAILLANCES-ENT-REG-A21-PUB-ANC/","Il manque les variables importantes dans la base|0"
"216",216,"DEFAILLANCES-ENT-REG-ACT/","presence de la variable region|0"
"217",217,"DEFAILLANCES-ENT-REG-E16-ANC/","Il manque les variables importantes dans la base|0"
"218",218,"DEFAILLANCES-ENT-REG-E36-ANC/","Il manque les variables importantes dans la base|0"
"219",219,"DEFAILLANCES-ENT-REG-ENS-ANC/","Il manque les variables importantes dans la base|0"
"220",220,"DEFAILLANCES-ENT-REG-RGP-ANC/","Il manque les variables importantes dans la base|0"
"221",221,"DEFM-ANCIENNETE/","Base bien chargee et en position 26|0"
"222",222,"DEFM-CAT/","Base bien chargee et en position 27|0"
"223",223,"DEFM-CAT-REG/","presence de la variable region|0"
"224",224,"DEFM-DEP/","plus d'observation|0"
"225",225,"DEFM-JEUNES/","Base bien chargee et en position 28|0"
"226",226,"DEFM-QUALIF/","Base bien chargee et en position 29|0"
"227",227,"DEFM-REG-AGE/","presence de la variable region|0"
"228",228,"DEFM-REG-SEXE/","presence de la variable region|0"
"229",229,"DEFM-SEXE-AGE/","Base bien chargee et en position 30|0"
"230",230,"DEP-OPE-REG/","Il manque les variables importantes dans la base|0"
"231",231,"DEP-REC-REG/","n'est pas mensuelle|0"
"232",232,"DETTE-ETAT/","Base bien chargee et en position 31|0"
"233",233,"DIPLOMES-TECHNIQUES-DEP/","n'est pas mensuelle|0"
"234",234,"DIPLOMES-TECHNIQUES-REG/","n'est pas mensuelle|0"
"235",235,"EFF-FP-DEP/","n'est pas mensuelle|0"
"236",236,"EFF-FP-RATIO-DEP/","n'est pas mensuelle|0"
"237",237,"EFF-FP-RATIO-REG/","n'est pas mensuelle|0"
"238",238,"EFF-FP-REG/","n'est pas mensuelle|0"
"239",239,"EFF-FPE-DEP/","n'est pas mensuelle|0"
"240",240,"EFF-FPE-REG/","n'est pas mensuelle|0"
"241",241,"EFF-FPH-DEP/","n'est pas mensuelle|0"
"242",242,"EFF-FPH-REG/","n'est pas mensuelle|0"
"243",243,"EFF-FPT-DEP/","n'est pas mensuelle|0"
"244",244,"EFF-FPT-REG/","n'est pas mensuelle|0"
"245",245,"EFF-OPE-REG/","Il manque les variables importantes dans la base|0"
"246",246,"EFF-PSS-DEP/","n'est pas mensuelle|0"
"247",247,"EFF-PSS-REG/","n'est pas mensuelle|0"
"248",248,"EMAGSA-2005/","Il manque les variables importantes dans la base|0"
"249",249,"EMAGSA-2010/","Base bien chargee et en position 32|0"
"250",250,"EMB-2005-BZ/","Il manque les variables importantes dans la base|0"
"251",251,"EMB-2005-CZ/","Il manque les variables importantes dans la base|0"
"252",252,"EMB-2010-BZ/","Base bien chargee et en position 33|0"
"253",253,"EMB-2010-CZ/","Base bien chargee et en position 34|0"
"254",254,"EMP-AN-DEP-A5/","n'est pas mensuelle|0"
"255",255,"EMP-AN-FORME/","n'est pas mensuelle|0"
"256",256,"EMP-AN-FR-A4/","n'est pas mensuelle|0"
"257",257,"EMP-AN-QUOTITE/","n'est pas mensuelle|0"
"258",258,"EMP-AN-REG-A5/","n'est pas mensuelle|0"
"259",259,"EMP-SAL-AN-TAILLE-REG/","Il manque les variables importantes dans la base|0"
"260",260,"EMP-SAL-DEP/","n'est pas mensuelle|0"
"261",261,"EMP-SAL-NAF2-A17/","n'est pas mensuelle|0"
"262",262,"EMP-SAL-NAF2-A38/","n'est pas mensuelle|0"
"263",263,"EMP-SAL-NAF2-A88/","n'est pas mensuelle|0"
"264",264,"EMP-SAL-NAF2-RGP/","n'est pas mensuelle|0"
"265",265,"EMP-SAL-REG/","n'est pas mensuelle|0"
"266",266,"EMP-SENIORS/","n'est pas mensuelle|0"
"267",267,"EMP-TRIM/","n'est pas mensuelle|0"
"268",268,"ENQ-CONJ-ACT-IND-MENS-A17/","Base bien chargee et en position 35|0"
"269",269,"ENQ-CONJ-ACT-IND-MENS-A38/","Base bien chargee et en position 36|0"
"270",270,"ENQ-CONJ-ACT-IND-MENS-PERSP/","Base bien chargee et en position 37|0"
"271",271,"ENQ-CONJ-ACT-IND-MENS-RGP/","Base bien chargee et en position 38|0"
"272",272,"ENQ-CONJ-ACT-IND-SYNTH/","Base bien chargee et en position 39|0"
"273",273,"ENQ-CONJ-ACT-IND-TRIM-ENT-A17/","n'est pas mensuelle|0"
"274",274,"ENQ-CONJ-ACT-IND-TRIM-ENT-RGP/","n'est pas mensuelle|0"
"275",275,"ENQ-CONJ-ACT-IND-TRIM-PERSP/","n'est pas mensuelle|0"
"276",276,"ENQ-CONJ-ACT-IND-TRIM-PRODUIT-A17/","n'est pas mensuelle|0"
"277",277,"ENQ-CONJ-ACT-IND-TRIM-PRODUIT-RGP/","n'est pas mensuelle|0"
"278",278,"ENQ-CONJ-ART-BAT-CLIENTS/","n'est pas mensuelle|0"
"279",279,"ENQ-CONJ-ART-BAT-CORPS/","n'est pas mensuelle|0"
"280",280,"ENQ-CONJ-ART-BAT-ENS/","n'est pas mensuelle|0"
"281",281,"ENQ-CONJ-ART-BAT-TRAVAUX/","n'est pas mensuelle|0"
"282",282,"ENQ-CONJ-COM-DET-ACT12/","Base bien chargee et en position 40|0"
"283",283,"ENQ-CONJ-COM-DET-ACT7/","Base bien chargee et en position 41|0"
"284",284,"ENQ-CONJ-COM-DET-PROD10/","Base bien chargee et en position 42|0"
"285",285,"ENQ-CONJ-COM-DET-PROD8/","Base bien chargee et en position 43|0"
"286",286,"ENQ-CONJ-COM-GROS-ACT36/","n'est pas mensuelle|0"
"287",287,"ENQ-CONJ-COM-GROS-ACT6/","n'est pas mensuelle|0"
"288",288,"ENQ-CONJ-COM-GROS-ENS/","n'est pas mensuelle|0"
"289",289,"ENQ-CONJ-COM-GROS-SYNTH/","n'est pas mensuelle|0"
"290",290,"ENQ-CONJ-IND-BAT-CLIENTS/","n'est pas mensuelle|0"
"291",291,"ENQ-CONJ-IND-BAT-CORPS/","Base bien chargee et en position 44|0"
"292",292,"ENQ-CONJ-IND-BAT-ENS/","Base bien chargee et en position 45|0"
"293",293,"ENQ-CONJ-IND-BAT-SYNTH/","Base bien chargee et en position 46|0"
"294",294,"ENQ-CONJ-IND-BAT-TRAVAUX/","Base bien chargee et en position 47|0"
"295",295,"ENQ-CONJ-INV-IND-EQUIP/","n'est pas mensuelle|0"
"296",296,"ENQ-CONJ-INV-IND-EVO-CAPA/","n'est pas mensuelle|0"
"297",297,"ENQ-CONJ-INV-IND-EVO-INV/","n'est pas mensuelle|0"
"298",298,"ENQ-CONJ-INV-IND-EVO-VAL/","n'est pas mensuelle|0"
"299",299,"ENQ-CONJ-INV-IND-INFLUENCE/","n'est pas mensuelle|0"
"300",300,"ENQ-CONJ-INV-IND-MOTIV/","n'est pas mensuelle|0"
"301",301,"ENQ-CONJ-INV-IND-REVISION/","n'est pas mensuelle|0"
"302",302,"ENQ-CONJ-MENAGES/","Base bien chargee et en position 48|0"
"303",303,"ENQ-CONJ-PROMO-IMMO-LOCATION/","n'est pas mensuelle|0"
"304",304,"ENQ-CONJ-PROMO-IMMO-TOT/","n'est pas mensuelle|0"
"305",305,"ENQ-CONJ-PROMO-IMMO-VENTE/","n'est pas mensuelle|0"
"306",306,"ENQ-CONJ-SERV-ACT4/","Base bien chargee et en position 49|0"
"307",307,"ENQ-CONJ-SERV-ACT9/","Base bien chargee et en position 50|0"
"308",308,"ENQ-CONJ-SERV-ENS/","Base bien chargee et en position 51|0"
"309",309,"ENQ-CONJ-SERV-HZ/","n'est pas mensuelle|0"
"310",310,"ENQ-CONJ-SERV-SYNTH/","Base bien chargee et en position 52|0"
"311",311,"ENQ-CONJ-TP/","n'est pas mensuelle|0"
"312",312,"ENQ-CONJ-TRES-IND-FINANCEMENT/","n'est pas mensuelle|0"
"313",313,"ENQ-CONJ-TRES-IND-INFLUENCE-BILAN/","n'est pas mensuelle|0"
"314",314,"ENQ-CONJ-TRES-IND-INFLUENCE-CR/","n'est pas mensuelle|0"
"315",315,"ENQ-CONJ-TRES-IND-PERSP/","n'est pas mensuelle|0"
"316",316,"ENQ-CONJ-TRES-IND-SITUATION/","n'est pas mensuelle|0"
"317",317,"ENS-PSD-DEP/","n'est pas mensuelle|0"
"318",318,"ENS-PSD-REG/","n'est pas mensuelle|0"
"319",319,"ESP-VIE-DEP/","n'est pas mensuelle|0"
"320",320,"ESP-VIE-REG/","n'est pas mensuelle|0"
"321",321,"EST-POP-DEP/","n'est pas mensuelle|0"
"322",322,"EST-POP-REG/","n'est pas mensuelle|0"
"323",323,"EST-POP-SEXE-AGE-DEP/","n'est pas mensuelle|0"
"324",324,"EST-POP-SEXE-AGE-REG/","n'est pas mensuelle|0"
"325",325,"ETAB-SCOL-DEP/","n'est pas mensuelle|0"
"326",326,"ETAB-SCOL-REG/","n'est pas mensuelle|0"
"327",327,"ETAT-CIVIL-DEP/","n'est pas mensuelle|0"
"328",328,"ETAT-CIVIL-REG/","n'est pas mensuelle|0"
"329",329,"EXP-AGRI-REG/","Il manque les variables importantes dans la base|0"
"330",330,"G1741/","Il manque les variables importantes dans la base|0"
"331",331,"GGD-FMI/","n'est pas mensuelle|0"
"332",332,"ICA-CS-1990-NAF4/","Il manque les variables importantes dans la base|0"
"333",333,"ICA-CS-1990-NAF5/","Il manque les variables importantes dans la base|0"
"334",334,"ICA-CS-1995-COMDET-NAF4/","Il manque les variables importantes dans la base|0"
"335",335,"ICA-CS-1995-COMDET-NAF5/","Il manque les variables importantes dans la base|0"
"336",336,"ICA-CS-1995-COMGROS-NAF4/","Il manque les variables importantes dans la base|0"
"337",337,"ICA-CS-1995-COMGROS-NAF5/","Il manque les variables importantes dans la base|0"
"338",338,"ICA-CS-1995-SERV-NAF4/","Il manque les variables importantes dans la base|0"
"339",339,"ICA-CS-1995-SERV-NAF5/","Il manque les variables importantes dans la base|0"
"340",340,"ICA-CS-2000-COMDET-NAF4/","Il manque les variables importantes dans la base|0"
"341",341,"ICA-CS-2000-COMDET-NAF5/","Il manque les variables importantes dans la base|0"
"342",342,"ICA-CS-2000-COMGROS-NAF4/","Il manque les variables importantes dans la base|0"
"343",343,"ICA-CS-2000-COMGROS-NAF5/","Il manque les variables importantes dans la base|0"
"344",344,"ICA-CS-2000-SERV-NAF4/","Il manque les variables importantes dans la base|0"
"345",345,"ICA-CS-2000-SERV-NAF5/","Il manque les variables importantes dans la base|0"
"346",346,"ICA-CS-2005-D45/","Il manque les variables importantes dans la base|0"
"347",347,"ICA-CS-2005-D46/","Il manque les variables importantes dans la base|0"
"348",348,"ICA-CS-2005-D47/","Il manque les variables importantes dans la base|0"
"349",349,"ICA-CS-2005-HZ/","Il manque les variables importantes dans la base|0"
"350",350,"ICA-CS-2005-IZ/","Il manque les variables importantes dans la base|0"
"351",351,"ICA-CS-2005-JZ/","Il manque les variables importantes dans la base|0"
"352",352,"ICA-CS-2005-LZ/","Il manque les variables importantes dans la base|0"
"353",353,"ICA-CS-2005-MN/","Il manque les variables importantes dans la base|0"
"354",354,"ICA-CS-2005-RS/","Il manque les variables importantes dans la base|0"
"355",355,"ICA-CS-2010-D45/","Base bien chargee et en position 53|0"
"356",356,"ICA-CS-2010-D45-RENOV/","Base bien chargee et en position 54|0"
"357",357,"ICA-CS-2010-D46/","Base bien chargee et en position 55|0"
"358",358,"ICA-CS-2010-D46-RENOV/","Base bien chargee et en position 56|0"
"359",359,"ICA-CS-2010-D47/","Base bien chargee et en position 57|0"
"360",360,"ICA-CS-2010-D47-RENOV/","Base bien chargee et en position 58|0"
"361",361,"ICA-CS-2010-HZ/","Base bien chargee et en position 59|0"
"362",362,"ICA-CS-2010-HZ-RENOV/","Base bien chargee et en position 60|0"
"363",363,"ICA-CS-2010-IZ/","Base bien chargee et en position 61|0"
"364",364,"ICA-CS-2010-IZ-RENOV/","Base bien chargee et en position 62|0"
"365",365,"ICA-CS-2010-JZ/","Base bien chargee et en position 63|0"
"366",366,"ICA-CS-2010-JZ-RENOV/","Base bien chargee et en position 64|0"
"367",367,"ICA-CS-2010-LZ/","Base bien chargee et en position 65|0"
"368",368,"ICA-CS-2010-LZ-RENOV/","Base bien chargee et en position 66|0"
"369",369,"ICA-CS-2010-MN/","Base bien chargee et en position 67|0"
"370",370,"ICA-CS-2010-MN-RENOV/","Base bien chargee et en position 68|0"
"371",371,"ICA-CS-2010-RS/","Base bien chargee et en position 69|0"
"372",372,"ICA-CS-2010-RS-RENOV/","Base bien chargee et en position 70|0"
"373",373,"ICA-IC-1990-BTP/","Il manque les variables importantes dans la base|0"
"374",374,"ICA-IC-1990-ENS/","Il manque les variables importantes dans la base|0"
"375",375,"ICA-IC-1990-NAF3/","Il manque les variables importantes dans la base|0"
"376",376,"ICA-IC-1990-NES16/","Il manque les variables importantes dans la base|0"
"377",377,"ICA-IC-1990-NES36/","Il manque les variables importantes dans la base|0"
"378",378,"ICA-IC-1995-BTP/","Il manque les variables importantes dans la base|0"
"379",379,"ICA-IC-1995-ENS/","Il manque les variables importantes dans la base|0"
"380",380,"ICA-IC-1995-NAF3/","Il manque les variables importantes dans la base|0"
"381",381,"ICA-IC-1995-NAF4/","Il manque les variables importantes dans la base|0"
"382",382,"ICA-IC-1995-NES114/","Il manque les variables importantes dans la base|0"
"383",383,"ICA-IC-1995-NES16/","Il manque les variables importantes dans la base|0"
"384",384,"ICA-IC-1995-NES36/","Il manque les variables importantes dans la base|0"
"385",385,"ICA-IC-2000-ENS/","Il manque les variables importantes dans la base|0"
"386",386,"ICA-IC-2000-NAF3/","Il manque les variables importantes dans la base|0"
"387",387,"ICA-IC-2000-NES114/","Il manque les variables importantes dans la base|0"
"388",388,"ICA-IC-2000-NES16/","Il manque les variables importantes dans la base|0"
"389",389,"ICA-IC-2000-NES36/","Il manque les variables importantes dans la base|0"
"390",390,"ICA-IC-2000-ZONE/","Il manque les variables importantes dans la base|0"
"391",391,"ICA-IC-2005-A10/","Il manque les variables importantes dans la base|0"
"392",392,"ICA-IC-2005-A17/","Il manque les variables importantes dans la base|0"
"393",393,"ICA-IC-2005-A272/","Il manque les variables importantes dans la base|0"
"394",394,"ICA-IC-2005-A38/","Il manque les variables importantes dans la base|0"
"395",395,"ICA-IC-2005-A88/","Il manque les variables importantes dans la base|0"
"396",396,"ICA-IC-2010-A10/","Base bien chargee et en position 71|0"
"397",397,"ICA-IC-2010-A10-RENOV/","Base bien chargee et en position 72|0"
"398",398,"ICA-IC-2010-A17/","Base bien chargee et en position 73|0"
"399",399,"ICA-IC-2010-A17-RENOV/","Base bien chargee et en position 74|0"
"400",400,"ICA-IC-2010-A272/","Base bien chargee et en position 75|0"
"401",401,"ICA-IC-2010-A272-RENOV/","Base bien chargee et en position 76|0"
"402",402,"ICA-IC-2010-A38/","Base bien chargee et en position 77|0"
"403",403,"ICA-IC-2010-A38-RENOV/","Base bien chargee et en position 78|0"
"404",404,"ICA-IC-2010-A615-RENOV/","Base bien chargee et en position 79|0"
"405",405,"ICA-IC-2010-A732/","Base bien chargee et en position 80|0"
"406",406,"ICA-IC-2010-A732-RENOV/","Base bien chargee et en position 81|0"
"407",407,"ICA-IC-2010-A88/","Base bien chargee et en position 82|0"
"408",408,"ICA-IC-2010-A88-RENOV/","Base bien chargee et en position 83|0"
"409",409,"ICC/","n'est pas mensuelle|0"
"410",410,"ICC-EVO-ANC/","Il manque les variables importantes dans la base|0"
"411",411,"ICE-1980-10/","Il manque les variables importantes dans la base|0"
"412",412,"ICE-1980-7/","Il manque les variables importantes dans la base|0"
"413",413,"ICE-1980-9/","Il manque les variables importantes dans la base|0"
"414",414,"ICE-1995-NES16-19ZONES/","Il manque les variables importantes dans la base|0"
"415",415,"ICE-1995-NES16-5ZONES/","Il manque les variables importantes dans la base|0"
"416",416,"ICE-1995-RGP-19ZONES/","Il manque les variables importantes dans la base|0"
"417",417,"ICE-1995-RGP-5ZONES/","Il manque les variables importantes dans la base|0"
"418",418,"ICE-2005-CPF/","Base bien chargee et en position 84|0"
"419",419,"ICE-2005-CTCI/","Base bien chargee et en position 85|0"
"420",420,"ICE-2005-RGP/","Base bien chargee et en position 86|0"
"421",421,"ICF-AGE-DEP/","n'est pas mensuelle|0"
"422",422,"ICF-AGE-REG/","n'est pas mensuelle|0"
"423",423,"ICHT-1973/","Il manque les variables importantes dans la base|0"
"424",424,"ICHT-1997/","Il manque les variables importantes dans la base|0"
"425",425,"ICHT-2008-A21/","Base bien chargee et en position 87|0"
"426",426,"ICHT-2008-IME/","Base bien chargee et en position 88|0"
"427",427,"ICPC-2010/","Base bien chargee et en position 89|0"
"428",428,"ICT-2000-A17/","Il manque les variables importantes dans la base|0"
"429",429,"ICT-2000-RGP/","Il manque les variables importantes dans la base|0"
"430",430,"ICT-2012-A21/","n'est pas mensuelle|0"
"431",431,"ICT-2012-RGP/","n'est pas mensuelle|0"
"432",432,"ILAT/","n'est pas mensuelle|0"
"433",433,"ILC/","n'est pas mensuelle|0"
"434",434,"IM-2010/","Base bien chargee et en position 90|0"
"435",435,"IMM-VN-DEP/","n'est pas mensuelle|0"
"436",436,"IMM-VN-REG/","n'est pas mensuelle|0"
"437",437,"IMMAT-NEUVES/","Base bien chargee et en position 91|0"
"438",438,"IND-EUR-MAT-PREM-1990/","Il manque les variables importantes dans la base|0"
"439",439,"IND-EUR-MAT-PREM-2000/","Il manque les variables importantes dans la base|0"
"440",440,"IND-EUR-MAT-PREM-2005/","Il manque les variables importantes dans la base|0"
"441",441,"IND-EUR-MAT-PREM-2010/","Base bien chargee et en position 92|0"
"442",442,"INDEX-BT-2010/","Base bien chargee et en position 93|0"
"443",443,"INDEX-BT-ANC/","non remise ? jour depuis la fin 2015|0"
"444",444,"INDEX-DIVERS-2010/","Base bien chargee et en position 94|0"
"445",445,"INDEX-DIVERS-ANC/","non remise ? jour depuis la fin 2015|0"
"446",446,"INDEX-TP-2010/","Base bien chargee et en position 95|0"
"447",447,"INDEX-TP-ANC/","non remise ? jour depuis la fin 2015|0"
"448",448,"INDICES-ENS-MR/","Base bien chargee et en position 96|0"
"449",449,"INDICES-PRIX-MAT-PREM/","Base bien chargee et en position 97|0"
"450",450,"IPAMPA-2000/","Il manque les variables importantes dans la base|0"
"451",451,"IPAMPA-2005/","Il manque les variables importantes dans la base|0"
"452",452,"IPAMPA-2010/","Base bien chargee et en position 98|0"
"453",453,"IPC-1970-1980-ALIM/","Il manque les variables importantes dans la base|0"
"454",454,"IPC-1970-1980-MANUF/","Il manque les variables importantes dans la base|0"
"455",455,"IPC-1970-1980-SERV/","Il manque les variables importantes dans la base|0"
"456",456,"IPC-1980-PDET/","Il manque les variables importantes dans la base|0"
"457",457,"IPC-1980-RGP/","Il manque les variables importantes dans la base|0"
"458",458,"IPC-1980-RGP-ALIM/","Il manque les variables importantes dans la base|0"
"459",459,"IPC-1980-RGP-MANUF/","Il manque les variables importantes dans la base|0"
"460",460,"IPC-1980-RGP-SERV/","Il manque les variables importantes dans la base|0"
"461",461,"IPC-1990-COICOP-ALIM/","Il manque les variables importantes dans la base|0"
"462",462,"IPC-1990-COICOP-NONALIM/","Il manque les variables importantes dans la base|0"
"463",463,"IPC-1990-ENS/","Il manque les variables importantes dans la base|0"
"464",464,"IPC-1990-ENS-ISJ/","Il manque les variables importantes dans la base|0"
"465",465,"IPC-1990-RGP/","Il manque les variables importantes dans la base|0"
"466",466,"IPC-1990-RGP-ALIM/","Il manque les variables importantes dans la base|0"
"467",467,"IPC-1990-RGP-NONALIM/","Il manque les variables importantes dans la base|0"
"468",468,"IPC-1998-C20-HTABAC/","Base bien chargee et en position 99|0"
"469",469,"IPC-1998-COICOP/","erreur de chargement :|Error in download.file(paste(""http://www.bdm.insee.fr/series/sdmx/data/"",  : 
  impossible d'ouvrir l'URL 'http://www.bdm.insee.fr/series/sdmx/data/IPC-1998-COICOP/?startPeriod=2014'
"
"470",470,"IPC-1998-CVS/","Base bien chargee et en position 100|0"
"471",471,"IPC-1998-DOM/","plus d'observation|0"
"472",472,"IPC-1998-ENS/","Base bien chargee et en position 101|0"
"473",473,"IPC-1998-ISJ/","Base bien chargee et en position 102|0"
"474",474,"IPC-1998-MOE-HTABAC/","Base bien chargee et en position 103|0"
"475",475,"IPC-1998-MOE-PDET/","Base bien chargee et en position 104|0"
"476",476,"IPC-1998-RGP/","Base bien chargee et en position 105|0"
"477",477,"IPC-2015-C20-HTABAC/","Base bien chargee et en position 106|0"
"478",478,"IPC-2015-CVS/","Base bien chargee et en position 107|0"
"479",479,"IPC-2015-DOM/","plus d'observation|0"
"480",480,"IPC-2015-ENS/","Base bien chargee et en position 108|0"
"481",481,"IPC-2015-ISJ/","Base bien chargee et en position 109|0"
"482",482,"IPC-2015-MOE-HTABAC/","Base bien chargee et en position 110|0"
"483",483,"IPC-2015-MOE-PDET/","Base bien chargee et en position 111|0"
"484",484,"IPC-2015-RGP/","Base bien chargee et en position 112|0"
"485",485,"IPC-PVR-ACHAT/","n'est pas mensuelle|0"
"486",486,"IPCH-2005-FR-COICOP/","Base bien chargee et en position 113|0"
"487",487,"IPCH-2015-FR-COICOP/","Base bien chargee et en position 114|0"
"488",488,"IPCNUH-2010/","n'est pas mensuelle|0"
"489",489,"IPEA-2010/","n'est pas mensuelle|0"
"490",490,"IPEA-2010T1-ANC/","Il manque les variables importantes dans la base|0"
"491",491,"IPGA-1995/","Il manque les variables importantes dans la base|0"
"492",492,"IPGA-2000/","Il manque les variables importantes dans la base|0"
"493",493,"IPGA-2005/","Base bien chargee et en position 115|0"
"494",494,"IPGD-1998/","Base bien chargee et en position 116|0"
"495",495,"IPGD-2015/","Base bien chargee et en position 117|0"
"496",496,"IPI-1970-DET/","Il manque les variables importantes dans la base|0"
"497",497,"IPI-1970-RGP/","Il manque les variables importantes dans la base|0"
"498",498,"IPI-1985-CITI2/","Il manque les variables importantes dans la base|0"
"499",499,"IPI-1985-CITI2-RGP/","Il manque les variables importantes dans la base|0"
"500",500,"IPI-1985-NACE70/","Il manque les variables importantes dans la base|0"
"501",501,"IPI-1985-NACE70-RGP/","Il manque les variables importantes dans la base|0"
"502",502,"IPI-1985-NAP100/","Il manque les variables importantes dans la base|0"
"503",503,"IPI-1985-NAP16/","Il manque les variables importantes dans la base|0"
"504",504,"IPI-1985-NAP16-RGP/","Il manque les variables importantes dans la base|0"
"505",505,"IPI-1985-NAP40/","Il manque les variables importantes dans la base|0"
"506",506,"IPI-1985-NAP40-RGP/","Il manque les variables importantes dans la base|0"
"507",507,"IPI-1985-NAP600/","Il manque les variables importantes dans la base|0"
"508",508,"IPI-1985-NAP600-RGP/","Il manque les variables importantes dans la base|0"
"509",509,"IPI-1985-S90/","Il manque les variables importantes dans la base|0"
"510",510,"IPI-1985-S90-RGP/","Il manque les variables importantes dans la base|0"
"511",511,"IPI-1990-CITI3/","Il manque les variables importantes dans la base|0"
"512",512,"IPI-1990-CPF17/","Il manque les variables importantes dans la base|0"
"513",513,"IPI-1990-CPF2/","Il manque les variables importantes dans la base|0"
"514",514,"IPI-1990-CPF3/","Il manque les variables importantes dans la base|0"
"515",515,"IPI-1990-CPF31/","Il manque les variables importantes dans la base|0"
"516",516,"IPI-1990-CPF4/","Il manque les variables importantes dans la base|0"
"517",517,"IPI-1990-NAF4/","Il manque les variables importantes dans la base|0"
"518",518,"IPI-1990-NES114/","Il manque les variables importantes dans la base|0"
"519",519,"IPI-1990-NES16/","Il manque les variables importantes dans la base|0"
"520",520,"IPI-1990-NES36/","Il manque les variables importantes dans la base|0"
"521",521,"IPI-1990-SPEC/","Il manque les variables importantes dans la base|0"
"522",522,"IPI-1995-NAF700/","Il manque les variables importantes dans la base|0"
"523",523,"IPI-1995-NES-RGP/","Il manque les variables importantes dans la base|0"
"524",524,"IPI-1995-NES114/","Il manque les variables importantes dans la base|0"
"525",525,"IPI-1995-NES16/","Il manque les variables importantes dans la base|0"
"526",526,"IPI-1995-NES36/","Il manque les variables importantes dans la base|0"
"527",527,"IPI-2000-NAF700-10-16/","Il manque les variables importantes dans la base|0"
"528",528,"IPI-2000-NAF700-17-22/","Il manque les variables importantes dans la base|0"
"529",529,"IPI-2000-NAF700-23-26/","Il manque les variables importantes dans la base|0"
"530",530,"IPI-2000-NAF700-27-28/","Il manque les variables importantes dans la base|0"
"531",531,"IPI-2000-NAF700-29-33/","Il manque les variables importantes dans la base|0"
"532",532,"IPI-2000-NAF700-34-41/","Il manque les variables importantes dans la base|0"
"533",533,"IPI-2000-NES-RGP/","Il manque les variables importantes dans la base|0"
"534",534,"IPI-2000-NES114/","Il manque les variables importantes dans la base|0"
"535",535,"IPI-2000-NES16/","Il manque les variables importantes dans la base|0"
"536",536,"IPI-2000-NES36/","Il manque les variables importantes dans la base|0"
"537",537,"IPI-2005-A10/","Il manque les variables importantes dans la base|0"
"538",538,"IPI-2005-A17/","Il manque les variables importantes dans la base|0"
"539",539,"IPI-2005-A21/","Il manque les variables importantes dans la base|0"
"540",540,"IPI-2005-A272/","Il manque les variables importantes dans la base|0"
"541",541,"IPI-2005-A38/","Il manque les variables importantes dans la base|0"
"542",542,"IPI-2005-A615/","Il manque les variables importantes dans la base|0"
"543",543,"IPI-2005-A64/","Il manque les variables importantes dans la base|0"
"544",544,"IPI-2005-A88/","Il manque les variables importantes dans la base|0"
"545",545,"IPI-2005-MIG/","Il manque les variables importantes dans la base|0"
"546",546,"IPI-2010-A10/","Base bien chargee et en position 118|0"
"547",547,"IPI-2010-A17/","Base bien chargee et en position 119|0"
"548",548,"IPI-2010-A21/","Base bien chargee et en position 120|0"
"549",549,"IPI-2010-A272/","Base bien chargee et en position 121|0"
"550",550,"IPI-2010-A38/","Base bien chargee et en position 122|0"
"551",551,"IPI-2010-A615/","Base bien chargee et en position 123|0"
"552",552,"IPI-2010-A64/","Base bien chargee et en position 124|0"
"553",553,"IPI-2010-A88/","Base bien chargee et en position 125|0"
"554",554,"IPI-2010-MIG/","Base bien chargee et en position 126|0"
"555",555,"IPLA-2000T4/","Il manque les variables importantes dans la base|0"
"556",556,"IPLA-2010/","n'est pas mensuelle|0"
"557",557,"IPLNA-2010/","n'est pas mensuelle|0"
"558",558,"IPPAP-2000/","Il manque les variables importantes dans la base|0"
"559",559,"IPPAP-2005/","Il manque les variables importantes dans la base|0"
"560",560,"IPPAP-2010/","Base bien chargee et en position 127|0"
"561",561,"IPPI-2000-CPF4/","Il manque les variables importantes dans la base|0"
"562",562,"IPPI-2000-EB-CPF5/","Il manque les variables importantes dans la base|0"
"563",563,"IPPI-2000-EC-CPF5/","Il manque les variables importantes dans la base|0"
"564",564,"IPPI-2000-ED-CPF5/","Il manque les variables importantes dans la base|0"
"565",565,"IPPI-2000-EE-CPF5/","Il manque les variables importantes dans la base|0"
"566",566,"IPPI-2000-EF-CPF5/","Il manque les variables importantes dans la base|0"
"567",567,"IPPI-2000-EG-CPF5/","Il manque les variables importantes dans la base|0"
"568",568,"IPPI-2000-MARCHE-INT-CITI3/","Il manque les variables importantes dans la base|0"
"569",569,"IPPI-2000-NES114/","Il manque les variables importantes dans la base|0"
"570",570,"IPPI-2000-NES16/","Il manque les variables importantes dans la base|0"
"571",571,"IPPI-2000-NES36/","Il manque les variables importantes dans la base|0"
"572",572,"IPPI-2000-RGP/","Il manque les variables importantes dans la base|0"
"573",573,"IPPI-2005-ENS-A129/","Il manque les variables importantes dans la base|0"
"574",574,"IPPI-2005-ENS-CPF/","Il manque les variables importantes dans la base|0"
"575",575,"IPPI-2005-ENS-RGP/","Il manque les variables importantes dans la base|0"
"576",576,"IPPI-2005-EXT-A129/","Il manque les variables importantes dans la base|0"
"577",577,"IPPI-2005-EXT-CPF/","Il manque les variables importantes dans la base|0"
"578",578,"IPPI-2005-EXT-RGP/","Il manque les variables importantes dans la base|0"
"579",579,"IPPI-2005-FR-A129/","Il manque les variables importantes dans la base|0"
"580",580,"IPPI-2005-FR-CPF/","Il manque les variables importantes dans la base|0"
"581",581,"IPPI-2005-FR-RGP/","Il manque les variables importantes dans la base|0"
"582",582,"IPPI-2005-IMP-A129/","Il manque les variables importantes dans la base|0"
"583",583,"IPPI-2005-IMP-CPF/","Il manque les variables importantes dans la base|0"
"584",584,"IPPI-2005-IMP-REVENTE-CPF/","Il manque les variables importantes dans la base|0"
"585",585,"IPPI-2005-IMP-RGP/","Il manque les variables importantes dans la base|0"
"586",586,"IPPI-2005-OI-CPF/","Il manque les variables importantes dans la base|0"
"587",587,"IPPI-2010-ENS-A129/","Base bien chargee et en position 128|0"
"588",588,"IPPI-2010-ENS-CPF/","Base bien chargee et en position 129|0"
"589",589,"IPPI-2010-ENS-RGP/","Base bien chargee et en position 130|0"
"590",590,"IPPI-2010-EXT-A129/","Base bien chargee et en position 131|0"
"591",591,"IPPI-2010-EXT-CPF/","Base bien chargee et en position 132|0"
"592",592,"IPPI-2010-EXT-RGP/","Base bien chargee et en position 133|0"
"593",593,"IPPI-2010-FR-PXB-A129/","Base bien chargee et en position 134|0"
"594",594,"IPPI-2010-FR-PXB-CPF/","Base bien chargee et en position 135|0"
"595",595,"IPPI-2010-FR-PXB-RGP/","Base bien chargee et en position 136|0"
"596",596,"IPPI-2010-FR-PXM-A129/","Base bien chargee et en position 137|0"
"597",597,"IPPI-2010-FR-PXM-CPF/","Base bien chargee et en position 138|0"
"598",598,"IPPI-2010-FR-PXM-RGP/","Base bien chargee et en position 139|0"
"599",599,"IPPI-2010-IMP-A129/","Base bien chargee et en position 140|0"
"600",600,"IPPI-2010-IMP-CPF/","Base bien chargee et en position 141|0"
"601",601,"IPPI-2010-IMP-RGP/","Base bien chargee et en position 142|0"
"602",602,"IPPI-2010-OI-CPF/","Base bien chargee et en position 143|0"
"603",603,"IPPI-2010-OI-RGP/","Base bien chargee et en position 144|0"
"604",604,"IPPS-2000/","Il manque les variables importantes dans la base|0"
"605",605,"IPPS-2005/","Il manque les variables importantes dans la base|0"
"606",606,"IPPS-2010-B2A-A129/","n'est pas mensuelle|0"
"607",607,"IPPS-2010-B2A-NAF/","n'est pas mensuelle|0"
"608",608,"IPPS-2010-B2A-RGP/","n'est pas mensuelle|0"
"609",609,"IPPS-2010-B2B-PXB-A129/","n'est pas mensuelle|0"
"610",610,"IPPS-2010-B2B-PXB-NAF/","n'est pas mensuelle|0"
"611",611,"IPPS-2010-B2B-PXB-RGP/","n'est pas mensuelle|0"
"612",612,"IPPS-2010-B2B-PXM-A129/","n'est pas mensuelle|0"
"613",613,"IPPS-2010-B2B-PXM-NAF/","n'est pas mensuelle|0"
"614",614,"IPPS-2010-B2B-PXM-RGP/","n'est pas mensuelle|0"
"615",615,"IPPS-2010-B2C-CPF/","n'est pas mensuelle|0"
"616",616,"IPPS-2010-B2C-RGP/","n'est pas mensuelle|0"
"617",617,"IPPS-2010-B2E-A129/","n'est pas mensuelle|0"
"618",618,"IPPS-2010-B2E-NAF/","n'est pas mensuelle|0"
"619",619,"IPPS-2010-B2E-RGP/","n'est pas mensuelle|0"
"620",620,"IRL/","n'est pas mensuelle|0"
"621",621,"IRL-2005/","Il manque les variables importantes dans la base|0"
"622",622,"LICENCES-SPORTIVES-DEP/","n'est pas mensuelle|0"
"623",623,"LICENCES-SPORTIVES-REG/","n'est pas mensuelle|0"
"624",624,"LIVRAISON-CARBURANTS/","Base bien chargee et en position 145|0"
"625",625,"LOG-SOC-DEP/","n'est pas mensuelle|0"
"626",626,"LOG-SOC-REG/","n'est pas mensuelle|0"
"627",627,"LOGEMENT-CARAC/","Il manque les variables importantes dans la base|0"
"628",628,"LOGEMENT-PARC/","n'est pas mensuelle|0"
"629",629,"LOGEMENT-RESPRINC-STATUT/","n'est pas mensuelle|0"
"630",630,"LOGEMENT-RESPRINC-TUU/","n'est pas mensuelle|0"
"631",631,"MONNAIE-COURS-EUR/","Base bien chargee et en position 146|0"
"632",632,"NAISSANCES/","Base bien chargee et en position 147|0"
"633",633,"NMU-MOH-DEP/","n'est pas mensuelle|0"
"634",634,"NMU-MOH-REG/","n'est pas mensuelle|0"
"635",635,"NUPTIALITE/","Base bien chargee et en position 148|0"
"636",636,"NUPTIALITE-DEP/","n'est pas mensuelle|0"
"637",637,"NUPTIALITE-REG/","n'est pas mensuelle|0"
"638",638,"OCC-SOL-DEP/","n'est pas mensuelle|0"
"639",639,"OCC-SOL-REG/","n'est pas mensuelle|0"
"640",640,"OE-DEP/","plus d'observation|0"
"641",641,"OE-QUALIF/","Base bien chargee et en position 149|0"
"642",642,"OE-REG/","presence de la variable region|0"
"643",643,"OE-TYPE-STATUT/","Base bien chargee et en position 150|0"
"644",644,"PGA-DIVERS/","Il manque les variables importantes dans la base|0"
"645",645,"PGA-LAIT-FRUIT-LEGUME/","Il manque les variables importantes dans la base|0"
"646",646,"PGA-PROD-ANIMAUX/","Il manque les variables importantes dans la base|0"
"647",647,"PGA-VIANDE-POISSON/","Il manque les variables importantes dans la base|0"
"648",648,"POP-EVO/","Base bien chargee et en position 151|0"
"649",649,"POP-RP-DEP/","Il manque les variables importantes dans la base|0"
"650",650,"POP-RP-DOM/","Il manque les variables importantes dans la base|0"
"651",651,"POP-RP-REG/","Il manque les variables importantes dans la base|0"
"652",652,"POP-SEXE-AGE/","n'est pas mensuelle|0"
"653",653,"POPACT-AN/","n'est pas mensuelle|0"
"654",654,"PRESSE/","Il manque les variables importantes dans la base|0"
"655",655,"PRIX-CONSO-BOISSON/","Base bien chargee et en position 152|0"
"656",656,"PRIX-CONSO-CEREALE/","Base bien chargee et en position 153|0"
"657",657,"PRIX-CONSO-FLEUR/","Base bien chargee et en position 154|0"
"658",658,"PRIX-CONSO-FRANCS/","Il manque les variables importantes dans la base|0"
"659",659,"PRIX-CONSO-FRUIT/","Base bien chargee et en position 155|0"
"660",660,"PRIX-CONSO-LAIT/","Base bien chargee et en position 156|0"
"661",661,"PRIX-CONSO-LEGUME/","Base bien chargee et en position 157|0"
"662",662,"PRIX-CONSO-LOGEMENT/","Base bien chargee et en position 158|0"
"663",663,"PRIX-CONSO-MER/","Base bien chargee et en position 159|0"
"664",664,"PRIX-CONSO-REST-HOT/","Base bien chargee et en position 160|0"
"665",665,"PRIX-CONSO-SERVICE/","Base bien chargee et en position 161|0"
"666",666,"PRIX-CONSO-SOIN/","Base bien chargee et en position 162|0"
"667",667,"PRIX-CONSO-VIANDE/","Base bien chargee et en position 163|0"
"668",668,"PROD-AUTO/","Base bien chargee et en position 164|0"
"669",669,"PROD-VEG-DOM-DEP/","n'est pas mensuelle|0"
"670",670,"PROD-VEG-MET-DEP/","n'est pas mensuelle|0"
"671",671,"PROD-VEG-MET-REG/","n'est pas mensuelle|0"
"672",672,"RET-BEN-DEP/","n'est pas mensuelle|0"
"673",673,"RET-BEN-REG/","n'est pas mensuelle|0"
"674",674,"REU-BAC-DEP/","n'est pas mensuelle|0"
"675",675,"REU-BAC-REG/","n'est pas mensuelle|0"
"676",676,"REVENUS-MEN-DEP/","Il manque les variables importantes dans la base|0"
"677",677,"REVENUS-MEN-REG/","Il manque les variables importantes dans la base|0"
"678",678,"REV_SAL-CS-DEP/","Il manque les variables importantes dans la base|0"
"679",679,"REV_SAL-CS-REG/","Il manque les variables importantes dans la base|0"
"680",680,"REV_SAL-SEXE-DEP/","Il manque les variables importantes dans la base|0"
"681",681,"REV_SAL-SEXE-REG/","Il manque les variables importantes dans la base|0"
"682",682,"RP-COUPLE-AGE/","Il manque les variables importantes dans la base|0"
"683",683,"RP-IMMIG-AGE/","Il manque les variables importantes dans la base|0"
"684",684,"RP-IMMIG-NAISSANCE/","Il manque les variables importantes dans la base|0"
"685",685,"RP-IMMIG-NATIONALITE/","Il manque les variables importantes dans la base|0"
"686",686,"RP-MINEUR-TYPE-FAM/","Il manque les variables importantes dans la base|0"
"687",687,"RP-SEUL-AGE/","Il manque les variables importantes dans la base|0"
"688",688,"RP-STRUCTURE-FAM18/","Il manque les variables importantes dans la base|0"
"689",689,"RP-STRUCTURE-MEN/","Il manque les variables importantes dans la base|0"
"690",690,"RP-TAILLE-MEN/","Il manque les variables importantes dans la base|0"
"691",691,"RR-DEP/","n'est pas mensuelle|0"
"692",692,"RR-REG/","n'est pas mensuelle|0"
"693",693,"SAL-ACEMO-NAF2-A17/","n'est pas mensuelle|0"
"694",694,"SAL-ACEMO-NAF2-A38/","n'est pas mensuelle|0"
"695",695,"SAL-ACEMO-NAF2-RGP/","n'est pas mensuelle|0"
"696",696,"SAL-AN-EQTP-CSP/","Il manque les variables importantes dans la base|0"
"697",697,"SAL-AN-EQTP-DISTRIB/","Il manque les variables importantes dans la base|0"
"698",698,"SAL-AN-IND/","Il manque les variables importantes dans la base|0"
"699",699,"SAL-AN-TC-CSP/","Il manque les variables importantes dans la base|0"
"700",700,"SAL-AN-TC-CSP-ANC/","Il manque les variables importantes dans la base|0"
"701",701,"SAL-AN-TC-DISTRIB/","Il manque les variables importantes dans la base|0"
"702",702,"SAL-AN-TC-EVO/","Il manque les variables importantes dans la base|0"
"703",703,"SAL-COTIS-SOC/","Base bien chargee et en position 165|0"
"704",704,"SAL-FPE-ITGI-2000/","n'est pas mensuelle|0"
"705",705,"SAL-MIN-35H/","Base bien chargee et en position 166|0"
"706",706,"SAM-CSP-DEP/","Il manque les variables importantes dans la base|0"
"707",707,"SAM-CSP-REG/","Il manque les variables importantes dans la base|0"
"708",708,"SAM-SEX-DEP/","Il manque les variables importantes dans la base|0"
"709",709,"SAM-SEX-REG/","Il manque les variables importantes dans la base|0"
"710",710,"SANTE-ACCUEIL-PERS-AGEES-DEP/","n'est pas mensuelle|0"
"711",711,"SANTE-ACCUEIL-PERS-AGEES-REG/","n'est pas mensuelle|0"
"712",712,"SANTE-CAUSES-DECES-DEP/","Il manque les variables importantes dans la base|0"
"713",713,"SANTE-CAUSES-DECES-REG/","Il manque les variables importantes dans la base|0"
"714",714,"SANTE-EQUIP-HOP-DEP/","n'est pas mensuelle|0"
"715",715,"SANTE-EQUIP-HOP-REG/","n'est pas mensuelle|0"
"716",716,"SANTE-EQUIP-SPE-DEP/","n'est pas mensuelle|0"
"717",717,"SANTE-EQUIP-SPE-REG/","n'est pas mensuelle|0"
"718",718,"SANTE-PERSONNELS-DEP/","n'est pas mensuelle|0"
"719",719,"SANTE-PERSONNELS-REG/","n'est pas mensuelle|0"
"720",720,"SITADEL2-LOCAUX-DEP/","plus d'observation|0"
"721",721,"SITADEL2-LOCAUX-REG/","presence de la variable region|0"
"722",722,"SITADEL2-LOGEMENTS-DEP/","plus d'observation|0"
"723",723,"SITADEL2-LOGEMENTS-REG/","presence de la variable region|0"
"724",724,"SSEMP/","n'est pas mensuelle|0"
"725",725,"STRUCTURE-RDB-DEP/","Il manque les variables importantes dans la base|0"
"726",726,"STRUCTURE-RDB-REG/","Il manque les variables importantes dans la base|0"
"727",727,"TAUX-MORTALITE-AGE-DEP/","n'est pas mensuelle|0"
"728",728,"TAUX-MORTALITE-AGE-REG/","n'est pas mensuelle|0"
"729",729,"TAUX-MORTALITE-SEXE-DEP/","n'est pas mensuelle|0"
"730",730,"TAUX-MORTALITE-SEXE-REG/","n'est pas mensuelle|0"
"731",731,"TAUX-NATALITE-AGE-DEP/","n'est pas mensuelle|0"
"732",732,"TAUX-NATALITE-AGE-REG/","n'est pas mensuelle|0"
"733",733,"TAUX-PAUVRETE-AGE-DEP/","Il manque les variables importantes dans la base|0"
"734",734,"TAUX-PAUVRETE-AGE-REG/","Il manque les variables importantes dans la base|0"
"735",735,"TCHOMA-SA-DEP/","n'est pas mensuelle|0"
"736",736,"TCHOMA-SA-REG/","n'est pas mensuelle|0"
"737",737,"TNB-DEP/","n'est pas mensuelle|0"
"738",738,"TNB-REG/","n'est pas mensuelle|0"
"739",739,"TOURISME-AUTRES-FREQ-REG/","n'est pas mensuelle|0"
"740",740,"TOURISME-CAMPING-FREQ-DEP/","n'est pas mensuelle|0"
"741",741,"TOURISME-CAMPING-FREQ-REG/","n'est pas mensuelle|0"
"742",742,"TOURISME-CAMPING-REG/","presence de la variable region|0"
"743",743,"TOURISME-HOTEL-FREQ-DEP/","n'est pas mensuelle|0"
"744",744,"TOURISME-HOTEL-FREQ-REG/","n'est pas mensuelle|0"
"745",745,"TOURISME-HOTEL-REG/","presence de la variable region|0"
"746",746,"TRANSPORT-IPST/","Base bien chargee et en position 167|0"
"747",747,"TRANSPORT-MARCH-RESEAU/","Base bien chargee et en position 168|0"
"748",748,"TRANSPORT-MARCH-TYPE/","Base bien chargee et en position 169|0"
"749",749,"TRANSPORT-VOYAGEURS/","Base bien chargee et en position 170|0"
"750",750,"TXCHO-DEP/","n'est pas mensuelle|0"
"751",751,"TXCHO-REG/","n'est pas mensuelle|0"
"752",752,"TXEMP-AN-FR/","n'est pas mensuelle|0"
"753",753,"TXP-CDE-DEP/","n'est pas mensuelle|0"
"754",754,"TXP-CDE-REG/","n'est pas mensuelle|0"
"755",755,"IPC-2015-COICOP/..FM.","Base bien chargee et en position 171|0"
"756",756,"IPC-2015-COICOP/..FE.","Base bien chargee et en position 172|0"
"757",757,"CNA-2010-ERE-A88/..PCH","n'est pas mensuelle|0"
"758",758,"CNA-2010-ERE-A88/..IPCH","n'est pas mensuelle|0"
"759",759,"CNA-2010-ERE-A88/..VAL","n'est pas mensuelle|0"
"760",760,"CNA-2010-DEP-APU-OP/S13..","n'est pas mensuelle|0"
"761",761,"CNA-2010-DEP-APU-OP/S13111..","n'est pas mensuelle|0"
"762",762,"CNA-2010-DEP-APU-OP/S13112..","n'est pas mensuelle|0"
"763",763,"CNA-2010-CF-BR/...PCH","n'est pas mensuelle|0"
"764",764,"CNA-2010-CF-BR/...VAL","n'est pas mensuelle|0"
